Wskaznik;Wojewodztwo;Wojewodztwo_ID;Rok;Wartosc
Ludność ogółem;MAŁOPOLSKIE;011200000000;2012;3354077
Ludność ogółem;MAŁOPOLSKIE;011200000000;2013;3360581
Ludność ogółem;MAŁOPOLSKIE;011200000000;2014;3368336
Ludność ogółem;MAŁOPOLSKIE;011200000000;2015;3372618
Ludność ogółem;MAŁOPOLSKIE;011200000000;2016;3382260
Ludność ogółem;MAŁOPOLSKIE;011200000000;2017;3391380
Ludność ogółem;MAŁOPOLSKIE;011200000000;2018;3400577
Ludność ogółem;MAŁOPOLSKIE;011200000000;2019;3410901
Ludność ogółem;MAŁOPOLSKIE;011200000000;2020;3432692
Ludność ogółem;MAŁOPOLSKIE;011200000000;2021;3430370
Ludność ogółem;MAŁOPOLSKIE;011200000000;2022;3429014
Ludność ogółem;MAŁOPOLSKIE;011200000000;2023;3429632
Ludność ogółem;MAŁOPOLSKIE;011200000000;2024;3429084
Ludność ogółem;MAŁOPOLSKIE;011200000000;2025;3429342
Ludność ogółem;ŚLĄSKIE;012400000000;2012;4615870
Ludność ogółem;ŚLĄSKIE;012400000000;2013;4599447
Ludność ogółem;ŚLĄSKIE;012400000000;2014;4585924
Ludność ogółem;ŚLĄSKIE;012400000000;2015;4570849
Ludność ogółem;ŚLĄSKIE;012400000000;2016;4559164
Ludność ogółem;ŚLĄSKIE;012400000000;2017;4548180
Ludność ogółem;ŚLĄSKIE;012400000000;2018;4533565
Ludność ogółem;ŚLĄSKIE;012400000000;2019;4517635
Ludność ogółem;ŚLĄSKIE;012400000000;2020;4412097
Ludność ogółem;ŚLĄSKIE;012400000000;2021;4375947
Ludność ogółem;ŚLĄSKIE;012400000000;2022;4346702
Ludność ogółem;ŚLĄSKIE;012400000000;2023;4320130
Ludność ogółem;ŚLĄSKIE;012400000000;2024;4291441
Ludność ogółem;ŚLĄSKIE;012400000000;2025;4261792
Ludność ogółem;LUBUSKIE;020800000000;2012;1023317
Ludność ogółem;LUBUSKIE;020800000000;2013;1021470
Ludność ogółem;LUBUSKIE;020800000000;2014;1020307
Ludność ogółem;LUBUSKIE;020800000000;2015;1018075
Ludność ogółem;LUBUSKIE;020800000000;2016;1017376
Ludność ogółem;LUBUSKIE;020800000000;2017;1016832
Ludność ogółem;LUBUSKIE;020800000000;2018;1014548
Ludność ogółem;LUBUSKIE;020800000000;2019;1011592
Ludność ogółem;LUBUSKIE;020800000000;2020;993329
Ludność ogółem;LUBUSKIE;020800000000;2021;985487
Ludność ogółem;LUBUSKIE;020800000000;2022;979976
Ludność ogółem;LUBUSKIE;020800000000;2023;975023
Ludność ogółem;LUBUSKIE;020800000000;2024;969819
Ludność ogółem;LUBUSKIE;020800000000;2025;963601
Ludność ogółem;WIELKOPOLSKIE;023000000000;2012;3462196
Ludność ogółem;WIELKOPOLSKIE;023000000000;2013;3467016
Ludność ogółem;WIELKOPOLSKIE;023000000000;2014;3472579
Ludność ogółem;WIELKOPOLSKIE;023000000000;2015;3475323
Ludność ogółem;WIELKOPOLSKIE;023000000000;2016;3481625
Ludność ogółem;WIELKOPOLSKIE;023000000000;2017;3489210
Ludność ogółem;WIELKOPOLSKIE;023000000000;2018;3493969
Ludność ogółem;WIELKOPOLSKIE;023000000000;2019;3498733
Ludność ogółem;WIELKOPOLSKIE;023000000000;2020;3507042
Ludność ogółem;WIELKOPOLSKIE;023000000000;2021;3500030
Ludność ogółem;WIELKOPOLSKIE;023000000000;2022;3493577
Ludność ogółem;WIELKOPOLSKIE;023000000000;2023;3487973
Ludność ogółem;WIELKOPOLSKIE;023000000000;2024;3479986
Ludność ogółem;WIELKOPOLSKIE;023000000000;2025;3471302
Ludność ogółem;ZACHODNIOPOMORSKIE;023200000000;2012;1721405
Ludność ogółem;ZACHODNIOPOMORSKIE;023200000000;2013;1718861
Ludność ogółem;ZACHODNIOPOMORSKIE;023200000000;2014;1715431
Ludność ogółem;ZACHODNIOPOMORSKIE;023200000000;2015;1710482
Ludność ogółem;ZACHODNIOPOMORSKIE;023200000000;2016;1708174
Ludność ogółem;ZACHODNIOPOMORSKIE;023200000000;2017;1705533
Ludność ogółem;ZACHODNIOPOMORSKIE;023200000000;2018;1701030
Ludność ogółem;ZACHODNIOPOMORSKIE;023200000000;2019;1696193
Ludność ogółem;ZACHODNIOPOMORSKIE;023200000000;2020;1661073
Ludność ogółem;ZACHODNIOPOMORSKIE;023200000000;2021;1650021
Ludność ogółem;ZACHODNIOPOMORSKIE;023200000000;2022;1640622
Ludność ogółem;ZACHODNIOPOMORSKIE;023200000000;2023;1631784
Ludność ogółem;ZACHODNIOPOMORSKIE;023200000000;2024;1622760
Ludność ogółem;ZACHODNIOPOMORSKIE;023200000000;2025;1612680
Ludność ogółem;DOLNOŚLĄSKIE;030200000000;2012;2914362
Ludność ogółem;DOLNOŚLĄSKIE;030200000000;2013;2909997
Ludność ogółem;DOLNOŚLĄSKIE;030200000000;2014;2908457
Ludność ogółem;DOLNOŚLĄSKIE;030200000000;2015;2904207
Ludność ogółem;DOLNOŚLĄSKIE;030200000000;2016;2903710
Ludność ogółem;DOLNOŚLĄSKIE;030200000000;2017;2902547
Ludność ogółem;DOLNOŚLĄSKIE;030200000000;2018;2901225
Ludność ogółem;DOLNOŚLĄSKIE;030200000000;2019;2900163
Ludność ogółem;DOLNOŚLĄSKIE;030200000000;2020;2908378
Ludność ogółem;DOLNOŚLĄSKIE;030200000000;2021;2897737
Ludność ogółem;DOLNOŚLĄSKIE;030200000000;2022;2888033
Ludność ogółem;DOLNOŚLĄSKIE;030200000000;2023;2879271
Ludność ogółem;DOLNOŚLĄSKIE;030200000000;2024;2868242
Ludność ogółem;DOLNOŚLĄSKIE;030200000000;2025;2857273
Ludność ogółem;OPOLSKIE;031600000000;2012;1010203
Ludność ogółem;OPOLSKIE;031600000000;2013;1004416
Ludność ogółem;OPOLSKIE;031600000000;2014;1000858
Ludność ogółem;OPOLSKIE;031600000000;2015;996011
Ludność ogółem;OPOLSKIE;031600000000;2016;993036
Ludność ogółem;OPOLSKIE;031600000000;2017;990069
Ludność ogółem;OPOLSKIE;031600000000;2018;986506
Ludność ogółem;OPOLSKIE;031600000000;2019;982626
Ludność ogółem;OPOLSKIE;031600000000;2020;955844
Ludność ogółem;OPOLSKIE;031600000000;2021;948583
Ludność ogółem;OPOLSKIE;031600000000;2022;942441
Ludność ogółem;OPOLSKIE;031600000000;2023;936725
Ludność ogółem;OPOLSKIE;031600000000;2024;930296
Ludność ogółem;OPOLSKIE;031600000000;2025;923536
Ludność ogółem;KUJAWSKO-POMORSKIE;040400000000;2012;2096404
Ludność ogółem;KUJAWSKO-POMORSKIE;040400000000;2013;2092564
Ludność ogółem;KUJAWSKO-POMORSKIE;040400000000;2014;2089992
Ludność ogółem;KUJAWSKO-POMORSKIE;040400000000;2015;2086210
Ludność ogółem;KUJAWSKO-POMORSKIE;040400000000;2016;2083927
Ludność ogółem;KUJAWSKO-POMORSKIE;040400000000;2017;2082944
Ludność ogółem;KUJAWSKO-POMORSKIE;040400000000;2018;2077775
Ludność ogółem;KUJAWSKO-POMORSKIE;040400000000;2019;2072373
Ludność ogółem;KUJAWSKO-POMORSKIE;040400000000;2020;2031550
Ludność ogółem;KUJAWSKO-POMORSKIE;040400000000;2021;2017720
Ludność ogółem;KUJAWSKO-POMORSKIE;040400000000;2022;2006876
Ludność ogółem;KUJAWSKO-POMORSKIE;040400000000;2023;1996003
Ludność ogółem;KUJAWSKO-POMORSKIE;040400000000;2024;1984479
Ludność ogółem;KUJAWSKO-POMORSKIE;040400000000;2025;1971891
Ludność ogółem;POMORSKIE;042200000000;2012;2290070
Ludność ogółem;POMORSKIE;042200000000;2013;2295811
Ludność ogółem;POMORSKIE;042200000000;2014;2302077
Ludność ogółem;POMORSKIE;042200000000;2015;2307710
Ludność ogółem;POMORSKIE;042200000000;2016;2315611
Ludność ogółem;POMORSKIE;042200000000;2017;2324251
Ludność ogółem;POMORSKIE;042200000000;2018;2333523
Ludność ogółem;POMORSKIE;042200000000;2019;2343928
Ludność ogółem;POMORSKIE;042200000000;2020;2358256
Ludność ogółem;POMORSKIE;042200000000;2021;2358726
Ludność ogółem;POMORSKIE;042200000000;2022;2358307
Ludność ogółem;POMORSKIE;042200000000;2023;2359573
Ludność ogółem;POMORSKIE;042200000000;2024;2359493
Ludność ogółem;POMORSKIE;042200000000;2025;2358409
Ludność ogółem;WARMIŃSKO-MAZURSKIE;042800000000;2012;1450697
Ludność ogółem;WARMIŃSKO-MAZURSKIE;042800000000;2013;1446915
Ludność ogółem;WARMIŃSKO-MAZURSKIE;042800000000;2014;1443967
Ludność ogółem;WARMIŃSKO-MAZURSKIE;042800000000;2015;1439675
Ludność ogółem;WARMIŃSKO-MAZURSKIE;042800000000;2016;1436367
Ludność ogółem;WARMIŃSKO-MAZURSKIE;042800000000;2017;1433945
Ludność ogółem;WARMIŃSKO-MAZURSKIE;042800000000;2018;1428983
Ludność ogółem;WARMIŃSKO-MAZURSKIE;042800000000;2019;1422737
Ludność ogółem;WARMIŃSKO-MAZURSKIE;042800000000;2020;1385622
Ludność ogółem;WARMIŃSKO-MAZURSKIE;042800000000;2021;1374699
Ludność ogółem;WARMIŃSKO-MAZURSKIE;042800000000;2022;1366430
Ludność ogółem;WARMIŃSKO-MAZURSKIE;042800000000;2023;1357910
Ludność ogółem;WARMIŃSKO-MAZURSKIE;042800000000;2024;1349172
Ludność ogółem;WARMIŃSKO-MAZURSKIE;042800000000;2025;1339498
Ludność ogółem;ŁÓDZKIE;051000000000;2012;2524651
Ludność ogółem;ŁÓDZKIE;051000000000;2013;2513093
Ludność ogółem;ŁÓDZKIE;051000000000;2014;2504136
Ludność ogółem;ŁÓDZKIE;051000000000;2015;2493603
Ludność ogółem;ŁÓDZKIE;051000000000;2016;2485323
Ludność ogółem;ŁÓDZKIE;051000000000;2017;2476315
Ludność ogółem;ŁÓDZKIE;051000000000;2018;2466322
Ludność ogółem;ŁÓDZKIE;051000000000;2019;2454779
Ludność ogółem;ŁÓDZKIE;051000000000;2020;2415816
Ludność ogółem;ŁÓDZKIE;051000000000;2021;2394946
Ludność ogółem;ŁÓDZKIE;051000000000;2022;2378483
Ludność ogółem;ŁÓDZKIE;051000000000;2023;2362519
Ludność ogółem;ŁÓDZKIE;051000000000;2024;2345924
Ludność ogółem;ŁÓDZKIE;051000000000;2025;2328825
Ludność ogółem;ŚWIĘTOKRZYSKIE;052600000000;2012;1273995
Ludność ogółem;ŚWIĘTOKRZYSKIE;052600000000;2013;1268239
Ludność ogółem;ŚWIĘTOKRZYSKIE;052600000000;2014;1263176
Ludność ogółem;ŚWIĘTOKRZYSKIE;052600000000;2015;1257179
Ludność ogółem;ŚWIĘTOKRZYSKIE;052600000000;2016;1252900
Ludność ogółem;ŚWIĘTOKRZYSKIE;052600000000;2017;1247732
Ludność ogółem;ŚWIĘTOKRZYSKIE;052600000000;2018;1241546
Ludność ogółem;ŚWIĘTOKRZYSKIE;052600000000;2019;1233961
Ludność ogółem;ŚWIĘTOKRZYSKIE;052600000000;2020;1199584
Ludność ogółem;ŚWIĘTOKRZYSKIE;052600000000;2021;1187693
Ludność ogółem;ŚWIĘTOKRZYSKIE;052600000000;2022;1178164
Ludność ogółem;ŚWIĘTOKRZYSKIE;052600000000;2023;1168499
Ludność ogółem;ŚWIĘTOKRZYSKIE;052600000000;2024;1157991
Ludność ogółem;ŚWIĘTOKRZYSKIE;052600000000;2025;1147293
Ludność ogółem;LUBELSKIE;060600000000;2012;2165651
Ludność ogółem;LUBELSKIE;060600000000;2013;2156150
Ludność ogółem;LUBELSKIE;060600000000;2014;2147746
Ludność ogółem;LUBELSKIE;060600000000;2015;2139726
Ludność ogółem;LUBELSKIE;060600000000;2016;2133340
Ludność ogółem;LUBELSKIE;060600000000;2017;2126317
Ludność ogółem;LUBELSKIE;060600000000;2018;2117619
Ludność ogółem;LUBELSKIE;060600000000;2019;2108270
Ludność ogółem;LUBELSKIE;060600000000;2020;2056908
Ludność ogółem;LUBELSKIE;060600000000;2021;2038299
Ludność ogółem;LUBELSKIE;060600000000;2022;2024637
Ludność ogółem;LUBELSKIE;060600000000;2023;2011047
Ludność ogółem;LUBELSKIE;060600000000;2024;1996440
Ludność ogółem;LUBELSKIE;060600000000;2025;1980772
Ludność ogółem;PODKARPACKIE;061800000000;2012;2129951
Ludność ogółem;PODKARPACKIE;061800000000;2013;2129294
Ludność ogółem;PODKARPACKIE;061800000000;2014;2129187
Ludność ogółem;PODKARPACKIE;061800000000;2015;2127657
Ludność ogółem;PODKARPACKIE;061800000000;2016;2127656
Ludność ogółem;PODKARPACKIE;061800000000;2017;2129138
Ludność ogółem;PODKARPACKIE;061800000000;2018;2129015
Ludność ogółem;PODKARPACKIE;061800000000;2019;2127164
Ludność ogółem;PODKARPACKIE;061800000000;2020;2096166
Ludność ogółem;PODKARPACKIE;061800000000;2021;2085932
Ludność ogółem;PODKARPACKIE;061800000000;2022;2079098
Ludność ogółem;PODKARPACKIE;061800000000;2023;2071676
Ludność ogółem;PODKARPACKIE;061800000000;2024;2062997
Ludność ogółem;PODKARPACKIE;061800000000;2025;2053760
Ludność ogółem;PODLASKIE;062000000000;2012;1198690
Ludność ogółem;PODLASKIE;062000000000;2013;1194965
Ludność ogółem;PODLASKIE;062000000000;2014;1191918
Ludność ogółem;PODLASKIE;062000000000;2015;1188800
Ludność ogółem;PODLASKIE;062000000000;2016;1186625
Ludność ogółem;PODLASKIE;062000000000;2017;1184548
Ludność ogółem;PODLASKIE;062000000000;2018;1181533
Ludność ogółem;PODLASKIE;062000000000;2019;1178353
Ludność ogółem;PODLASKIE;062000000000;2020;1156591
Ludność ogółem;PODLASKIE;062000000000;2021;1148720
Ludność ogółem;PODLASKIE;062000000000;2022;1143355
Ludność ogółem;PODLASKIE;062000000000;2023;1138216
Ludność ogółem;PODLASKIE;062000000000;2024;1132641
Ludność ogółem;PODLASKIE;062000000000;2025;1126679
Ludność ogółem;MAZOWIECKIE;071400000000;2012;5301760
Ludność ogółem;MAZOWIECKIE;071400000000;2013;5316840
Ludność ogółem;MAZOWIECKIE;071400000000;2014;5334511
Ludność ogółem;MAZOWIECKIE;071400000000;2015;5349114
Ludność ogółem;MAZOWIECKIE;071400000000;2016;5365898
Ludność ogółem;MAZOWIECKIE;071400000000;2017;5384617
Ludność ogółem;MAZOWIECKIE;071400000000;2018;5403412
Ludność ogółem;MAZOWIECKIE;071400000000;2019;5423168
Ludność ogółem;MAZOWIECKIE;071400000000;2020;5517616
Ludność ogółem;MAZOWIECKIE;071400000000;2021;5512794
Ludność ogółem;MAZOWIECKIE;071400000000;2022;5510612
Ludność ogółem;MAZOWIECKIE;071400000000;2023;5510527
Ludność ogółem;MAZOWIECKIE;071400000000;2024;5508322
Ludność ogółem;MAZOWIECKIE;071400000000;2025;5505857
Urodzenia żywe;MAŁOPOLSKIE;011200000000;2012;35117
Urodzenia żywe;MAŁOPOLSKIE;011200000000;2013;34307
Urodzenia żywe;MAŁOPOLSKIE;011200000000;2014;34419
Urodzenia żywe;MAŁOPOLSKIE;011200000000;2015;34721
Urodzenia żywe;MAŁOPOLSKIE;011200000000;2016;36331
Urodzenia żywe;MAŁOPOLSKIE;011200000000;2017;38161
Urodzenia żywe;MAŁOPOLSKIE;011200000000;2018;37864
Urodzenia żywe;MAŁOPOLSKIE;011200000000;2019;36946
Urodzenia żywe;MAŁOPOLSKIE;011200000000;2020;35360
Urodzenia żywe;MAŁOPOLSKIE;011200000000;2021;33285
Urodzenia żywe;MAŁOPOLSKIE;011200000000;2022;31082
Urodzenia żywe;MAŁOPOLSKIE;011200000000;2023;28323
Urodzenia żywe;MAŁOPOLSKIE;011200000000;2024;26594
Urodzenia żywe;MAŁOPOLSKIE;011200000000;2025;25608
Urodzenia żywe;ŚLĄSKIE;012400000000;2012;44565
Urodzenia żywe;ŚLĄSKIE;012400000000;2013;42829
Urodzenia żywe;ŚLĄSKIE;012400000000;2014;42720
Urodzenia żywe;ŚLĄSKIE;012400000000;2015;41611
Urodzenia żywe;ŚLĄSKIE;012400000000;2016;42742
Urodzenia żywe;ŚLĄSKIE;012400000000;2017;44971
Urodzenia żywe;ŚLĄSKIE;012400000000;2018;42596
Urodzenia żywe;ŚLĄSKIE;012400000000;2019;40508
Urodzenia żywe;ŚLĄSKIE;012400000000;2020;38151
Urodzenia żywe;ŚLĄSKIE;012400000000;2021;34736
Urodzenia żywe;ŚLĄSKIE;012400000000;2022;31597
Urodzenia żywe;ŚLĄSKIE;012400000000;2023;27641
Urodzenia żywe;ŚLĄSKIE;012400000000;2024;25399
Urodzenia żywe;ŚLĄSKIE;012400000000;2025;23802
Urodzenia żywe;LUBUSKIE;020800000000;2012;10367
Urodzenia żywe;LUBUSKIE;020800000000;2013;9737
Urodzenia żywe;LUBUSKIE;020800000000;2014;9716
Urodzenia żywe;LUBUSKIE;020800000000;2015;9420
Urodzenia żywe;LUBUSKIE;020800000000;2016;9734
Urodzenia żywe;LUBUSKIE;020800000000;2017;10300
Urodzenia żywe;LUBUSKIE;020800000000;2018;9467
Urodzenia żywe;LUBUSKIE;020800000000;2019;9036
Urodzenia żywe;LUBUSKIE;020800000000;2020;8634
Urodzenia żywe;LUBUSKIE;020800000000;2021;7925
Urodzenia żywe;LUBUSKIE;020800000000;2022;7090
Urodzenia żywe;LUBUSKIE;020800000000;2023;6499
Urodzenia żywe;LUBUSKIE;020800000000;2024;5850
Urodzenia żywe;LUBUSKIE;020800000000;2025;5445
Urodzenia żywe;WIELKOPOLSKIE;023000000000;2012;37833
Urodzenia żywe;WIELKOPOLSKIE;023000000000;2013;36561
Urodzenia żywe;WIELKOPOLSKIE;023000000000;2014;37000
Urodzenia żywe;WIELKOPOLSKIE;023000000000;2015;36760
Urodzenia żywe;WIELKOPOLSKIE;023000000000;2016;38237
Urodzenia żywe;WIELKOPOLSKIE;023000000000;2017;40450
Urodzenia żywe;WIELKOPOLSKIE;023000000000;2018;38778
Urodzenia żywe;WIELKOPOLSKIE;023000000000;2019;37459
Urodzenia żywe;WIELKOPOLSKIE;023000000000;2020;35885
Urodzenia żywe;WIELKOPOLSKIE;023000000000;2021;33512
Urodzenia żywe;WIELKOPOLSKIE;023000000000;2022;30478
Urodzenia żywe;WIELKOPOLSKIE;023000000000;2023;27532
Urodzenia żywe;WIELKOPOLSKIE;023000000000;2024;25453
Urodzenia żywe;WIELKOPOLSKIE;023000000000;2025;23803
Urodzenia żywe;ZACHODNIOPOMORSKIE;023200000000;2012;15970
Urodzenia żywe;ZACHODNIOPOMORSKIE;023200000000;2013;15425
Urodzenia żywe;ZACHODNIOPOMORSKIE;023200000000;2014;15530
Urodzenia żywe;ZACHODNIOPOMORSKIE;023200000000;2015;15088
Urodzenia żywe;ZACHODNIOPOMORSKIE;023200000000;2016;15688
Urodzenia żywe;ZACHODNIOPOMORSKIE;023200000000;2017;16276
Urodzenia żywe;ZACHODNIOPOMORSKIE;023200000000;2018;15389
Urodzenia żywe;ZACHODNIOPOMORSKIE;023200000000;2019;14614
Urodzenia żywe;ZACHODNIOPOMORSKIE;023200000000;2020;13730
Urodzenia żywe;ZACHODNIOPOMORSKIE;023200000000;2021;12850
Urodzenia żywe;ZACHODNIOPOMORSKIE;023200000000;2022;11654
Urodzenia żywe;ZACHODNIOPOMORSKIE;023200000000;2023;10447
Urodzenia żywe;ZACHODNIOPOMORSKIE;023200000000;2024;9576
Urodzenia żywe;ZACHODNIOPOMORSKIE;023200000000;2025;8933
Urodzenia żywe;DOLNOŚLĄSKIE;030200000000;2012;27239
Urodzenia żywe;DOLNOŚLĄSKIE;030200000000;2013;25805
Urodzenia żywe;DOLNOŚLĄSKIE;030200000000;2014;27174
Urodzenia żywe;DOLNOŚLĄSKIE;030200000000;2015;26258
Urodzenia żywe;DOLNOŚLĄSKIE;030200000000;2016;27452
Urodzenia żywe;DOLNOŚLĄSKIE;030200000000;2017;28401
Urodzenia żywe;DOLNOŚLĄSKIE;030200000000;2018;27790
Urodzenia żywe;DOLNOŚLĄSKIE;030200000000;2019;26922
Urodzenia żywe;DOLNOŚLĄSKIE;030200000000;2020;25713
Urodzenia żywe;DOLNOŚLĄSKIE;030200000000;2021;24431
Urodzenia żywe;DOLNOŚLĄSKIE;030200000000;2022;22727
Urodzenia żywe;DOLNOŚLĄSKIE;030200000000;2023;19524
Urodzenia żywe;DOLNOŚLĄSKIE;030200000000;2024;18194
Urodzenia żywe;DOLNOŚLĄSKIE;030200000000;2025;17416
Urodzenia żywe;OPOLSKIE;031600000000;2012;8939
Urodzenia żywe;OPOLSKIE;031600000000;2013;8227
Urodzenia żywe;OPOLSKIE;031600000000;2014;8593
Urodzenia żywe;OPOLSKIE;031600000000;2015;8289
Urodzenia żywe;OPOLSKIE;031600000000;2016;8634
Urodzenia żywe;OPOLSKIE;031600000000;2017;9083
Urodzenia żywe;OPOLSKIE;031600000000;2018;8596
Urodzenia żywe;OPOLSKIE;031600000000;2019;8493
Urodzenia żywe;OPOLSKIE;031600000000;2020;7951
Urodzenia żywe;OPOLSKIE;031600000000;2021;7285
Urodzenia żywe;OPOLSKIE;031600000000;2022;6788
Urodzenia żywe;OPOLSKIE;031600000000;2023;6177
Urodzenia żywe;OPOLSKIE;031600000000;2024;5410
Urodzenia żywe;OPOLSKIE;031600000000;2025;5120
Urodzenia żywe;KUJAWSKO-POMORSKIE;040400000000;2012;20764
Urodzenia żywe;KUJAWSKO-POMORSKIE;040400000000;2013;19853
Urodzenia żywe;KUJAWSKO-POMORSKIE;040400000000;2014;20031
Urodzenia żywe;KUJAWSKO-POMORSKIE;040400000000;2015;19190
Urodzenia żywe;KUJAWSKO-POMORSKIE;040400000000;2016;19840
Urodzenia żywe;KUJAWSKO-POMORSKIE;040400000000;2017;20900
Urodzenia żywe;KUJAWSKO-POMORSKIE;040400000000;2018;19866
Urodzenia żywe;KUJAWSKO-POMORSKIE;040400000000;2019;19342
Urodzenia żywe;KUJAWSKO-POMORSKIE;040400000000;2020;18013
Urodzenia żywe;KUJAWSKO-POMORSKIE;040400000000;2021;16709
Urodzenia żywe;KUJAWSKO-POMORSKIE;040400000000;2022;15061
Urodzenia żywe;KUJAWSKO-POMORSKIE;040400000000;2023;13522
Urodzenia żywe;KUJAWSKO-POMORSKIE;040400000000;2024;12110
Urodzenia żywe;KUJAWSKO-POMORSKIE;040400000000;2025;11402
Urodzenia żywe;POMORSKIE;042200000000;2012;25052
Urodzenia żywe;POMORSKIE;042200000000;2013;23938
Urodzenia żywe;POMORSKIE;042200000000;2014;24610
Urodzenia żywe;POMORSKIE;042200000000;2015;24596
Urodzenia żywe;POMORSKIE;042200000000;2016;25865
Urodzenia żywe;POMORSKIE;042200000000;2017;27481
Urodzenia żywe;POMORSKIE;042200000000;2018;26498
Urodzenia żywe;POMORSKIE;042200000000;2019;26041
Urodzenia żywe;POMORSKIE;042200000000;2020;24495
Urodzenia żywe;POMORSKIE;042200000000;2021;23335
Urodzenia żywe;POMORSKIE;042200000000;2022;20993
Urodzenia żywe;POMORSKIE;042200000000;2023;19126
Urodzenia żywe;POMORSKIE;042200000000;2024;17621
Urodzenia żywe;POMORSKIE;042200000000;2025;16655
Urodzenia żywe;WARMIŃSKO-MAZURSKIE;042800000000;2012;14330
Urodzenia żywe;WARMIŃSKO-MAZURSKIE;042800000000;2013;13624
Urodzenia żywe;WARMIŃSKO-MAZURSKIE;042800000000;2014;13958
Urodzenia żywe;WARMIŃSKO-MAZURSKIE;042800000000;2015;13121
Urodzenia żywe;WARMIŃSKO-MAZURSKIE;042800000000;2016;13443
Urodzenia żywe;WARMIŃSKO-MAZURSKIE;042800000000;2017;14533
Urodzenia żywe;WARMIŃSKO-MAZURSKIE;042800000000;2018;13687
Urodzenia żywe;WARMIŃSKO-MAZURSKIE;042800000000;2019;12911
Urodzenia żywe;WARMIŃSKO-MAZURSKIE;042800000000;2020;12108
Urodzenia żywe;WARMIŃSKO-MAZURSKIE;042800000000;2021;10539
Urodzenia żywe;WARMIŃSKO-MAZURSKIE;042800000000;2022;9913
Urodzenia żywe;WARMIŃSKO-MAZURSKIE;042800000000;2023;8487
Urodzenia żywe;WARMIŃSKO-MAZURSKIE;042800000000;2024;8077
Urodzenia żywe;WARMIŃSKO-MAZURSKIE;042800000000;2025;7379
Urodzenia żywe;ŁÓDZKIE;051000000000;2012;23851
Urodzenia żywe;ŁÓDZKIE;051000000000;2013;22420
Urodzenia żywe;ŁÓDZKIE;051000000000;2014;22704
Urodzenia żywe;ŁÓDZKIE;051000000000;2015;22113
Urodzenia żywe;ŁÓDZKIE;051000000000;2016;22794
Urodzenia żywe;ŁÓDZKIE;051000000000;2017;23782
Urodzenia żywe;ŁÓDZKIE;051000000000;2018;23017
Urodzenia żywe;ŁÓDZKIE;051000000000;2019;21644
Urodzenia żywe;ŁÓDZKIE;051000000000;2020;20891
Urodzenia żywe;ŁÓDZKIE;051000000000;2021;19567
Urodzenia żywe;ŁÓDZKIE;051000000000;2022;18163
Urodzenia żywe;ŁÓDZKIE;051000000000;2023;16383
Urodzenia żywe;ŁÓDZKIE;051000000000;2024;14851
Urodzenia żywe;ŁÓDZKIE;051000000000;2025;14316
Urodzenia żywe;ŚWIĘTOKRZYSKIE;052600000000;2012;11510
Urodzenia żywe;ŚWIĘTOKRZYSKIE;052600000000;2013;10720
Urodzenia żywe;ŚWIĘTOKRZYSKIE;052600000000;2014;10756
Urodzenia żywe;ŚWIĘTOKRZYSKIE;052600000000;2015;10579
Urodzenia żywe;ŚWIĘTOKRZYSKIE;052600000000;2016;10610
Urodzenia żywe;ŚWIĘTOKRZYSKIE;052600000000;2017;10915
Urodzenia żywe;ŚWIĘTOKRZYSKIE;052600000000;2018;10721
Urodzenia żywe;ŚWIĘTOKRZYSKIE;052600000000;2019;10220
Urodzenia żywe;ŚWIĘTOKRZYSKIE;052600000000;2020;9488
Urodzenia żywe;ŚWIĘTOKRZYSKIE;052600000000;2021;8717
Urodzenia żywe;ŚWIĘTOKRZYSKIE;052600000000;2022;8157
Urodzenia żywe;ŚWIĘTOKRZYSKIE;052600000000;2023;7238
Urodzenia żywe;ŚWIĘTOKRZYSKIE;052600000000;2024;6472
Urodzenia żywe;ŚWIĘTOKRZYSKIE;052600000000;2025;6081
Urodzenia żywe;LUBELSKIE;060600000000;2012;21214
Urodzenia żywe;LUBELSKIE;060600000000;2013;19738
Urodzenia żywe;LUBELSKIE;060600000000;2014;19828
Urodzenia żywe;LUBELSKIE;060600000000;2015;19715
Urodzenia żywe;LUBELSKIE;060600000000;2016;19666
Urodzenia żywe;LUBELSKIE;060600000000;2017;20898
Urodzenia żywe;LUBELSKIE;060600000000;2018;20101
Urodzenia żywe;LUBELSKIE;060600000000;2019;19286
Urodzenia żywe;LUBELSKIE;060600000000;2020;18034
Urodzenia żywe;LUBELSKIE;060600000000;2021;16641
Urodzenia żywe;LUBELSKIE;060600000000;2022;15218
Urodzenia żywe;LUBELSKIE;060600000000;2023;13492
Urodzenia żywe;LUBELSKIE;060600000000;2024;12552
Urodzenia żywe;LUBELSKIE;060600000000;2025;11520
Urodzenia żywe;PODKARPACKIE;061800000000;2012;21064
Urodzenia żywe;PODKARPACKIE;061800000000;2013;20373
Urodzenia żywe;PODKARPACKIE;061800000000;2014;19953
Urodzenia żywe;PODKARPACKIE;061800000000;2015;19566
Urodzenia żywe;PODKARPACKIE;061800000000;2016;20262
Urodzenia żywe;PODKARPACKIE;061800000000;2017;21927
Urodzenia żywe;PODKARPACKIE;061800000000;2018;21533
Urodzenia żywe;PODKARPACKIE;061800000000;2019;20613
Urodzenia żywe;PODKARPACKIE;061800000000;2020;19580
Urodzenia żywe;PODKARPACKIE;061800000000;2021;17929
Urodzenia żywe;PODKARPACKIE;061800000000;2022;16812
Urodzenia żywe;PODKARPACKIE;061800000000;2023;14877
Urodzenia żywe;PODKARPACKIE;061800000000;2024;13853
Urodzenia żywe;PODKARPACKIE;061800000000;2025;12838
Urodzenia żywe;PODLASKIE;062000000000;2012;11161
Urodzenia żywe;PODLASKIE;062000000000;2013;10619
Urodzenia żywe;PODLASKIE;062000000000;2014;11029
Urodzenia żywe;PODLASKIE;062000000000;2015;10825
Urodzenia żywe;PODLASKIE;062000000000;2016;11373
Urodzenia żywe;PODLASKIE;062000000000;2017;12054
Urodzenia żywe;PODLASKIE;062000000000;2018;11790
Urodzenia żywe;PODLASKIE;062000000000;2019;11342
Urodzenia żywe;PODLASKIE;062000000000;2020;10557
Urodzenia żywe;PODLASKIE;062000000000;2021;10112
Urodzenia żywe;PODLASKIE;062000000000;2022;9150
Urodzenia żywe;PODLASKIE;062000000000;2023;8280
Urodzenia żywe;PODLASKIE;062000000000;2024;7557
Urodzenia żywe;PODLASKIE;062000000000;2025;7291
Urodzenia żywe;MAZOWIECKIE;071400000000;2012;57281
Urodzenia żywe;MAZOWIECKIE;071400000000;2013;55400
Urodzenia żywe;MAZOWIECKIE;071400000000;2014;57139
Urodzenia żywe;MAZOWIECKIE;071400000000;2015;57456
Urodzenia żywe;MAZOWIECKIE;071400000000;2016;59586
Urodzenia żywe;MAZOWIECKIE;071400000000;2017;61850
Urodzenia żywe;MAZOWIECKIE;071400000000;2018;60485
Urodzenia żywe;MAZOWIECKIE;071400000000;2019;59577
Urodzenia żywe;MAZOWIECKIE;071400000000;2020;56719
Urodzenia żywe;MAZOWIECKIE;071400000000;2021;53938
Urodzenia żywe;MAZOWIECKIE;071400000000;2022;50249
Urodzenia żywe;MAZOWIECKIE;071400000000;2023;44903
Urodzenia żywe;MAZOWIECKIE;071400000000;2024;42213
Urodzenia żywe;MAZOWIECKIE;071400000000;2025;40655
Zgony ogółem;MAŁOPOLSKIE;011200000000;2012;30588
Zgony ogółem;MAŁOPOLSKIE;011200000000;2013;30277
Zgony ogółem;MAŁOPOLSKIE;011200000000;2014;29611
Zgony ogółem;MAŁOPOLSKIE;011200000000;2015;31384
Zgony ogółem;MAŁOPOLSKIE;011200000000;2016;30716
Zgony ogółem;MAŁOPOLSKIE;011200000000;2017;31852
Zgony ogółem;MAŁOPOLSKIE;011200000000;2018;32467
Zgony ogółem;MAŁOPOLSKIE;011200000000;2019;32981
Zgony ogółem;MAŁOPOLSKIE;011200000000;2020;38807
Zgony ogółem;MAŁOPOLSKIE;011200000000;2021;40725
Zgony ogółem;MAŁOPOLSKIE;011200000000;2022;35956
Zgony ogółem;MAŁOPOLSKIE;011200000000;2023;32777
Zgony ogółem;MAŁOPOLSKIE;011200000000;2024;32835
Zgony ogółem;MAŁOPOLSKIE;011200000000;2025;32361
Zgony ogółem;ŚLĄSKIE;012400000000;2012;49028
Zgony ogółem;ŚLĄSKIE;012400000000;2013;49156
Zgony ogółem;ŚLĄSKIE;012400000000;2014;47831
Zgony ogółem;ŚLĄSKIE;012400000000;2015;50421
Zgony ogółem;ŚLĄSKIE;012400000000;2016;48958
Zgony ogółem;ŚLĄSKIE;012400000000;2017;51404
Zgony ogółem;ŚLĄSKIE;012400000000;2018;52159
Zgony ogółem;ŚLĄSKIE;012400000000;2019;51766
Zgony ogółem;ŚLĄSKIE;012400000000;2020;60054
Zgony ogółem;ŚLĄSKIE;012400000000;2021;66152
Zgony ogółem;ŚLĄSKIE;012400000000;2022;56694
Zgony ogółem;ŚLĄSKIE;012400000000;2023;51723
Zgony ogółem;ŚLĄSKIE;012400000000;2024;51441
Zgony ogółem;ŚLĄSKIE;012400000000;2025;51208
Zgony ogółem;LUBUSKIE;020800000000;2012;9607
Zgony ogółem;LUBUSKIE;020800000000;2013;10046
Zgony ogółem;LUBUSKIE;020800000000;2014;9553
Zgony ogółem;LUBUSKIE;020800000000;2015;10156
Zgony ogółem;LUBUSKIE;020800000000;2016;9955
Zgony ogółem;LUBUSKIE;020800000000;2017;10285
Zgony ogółem;LUBUSKIE;020800000000;2018;10981
Zgony ogółem;LUBUSKIE;020800000000;2019;11070
Zgony ogółem;LUBUSKIE;020800000000;2020;12625
Zgony ogółem;LUBUSKIE;020800000000;2021;13831
Zgony ogółem;LUBUSKIE;020800000000;2022;11655
Zgony ogółem;LUBUSKIE;020800000000;2023;10740
Zgony ogółem;LUBUSKIE;020800000000;2024;10663
Zgony ogółem;LUBUSKIE;020800000000;2025;10829
Zgony ogółem;WIELKOPOLSKIE;023000000000;2012;31536
Zgony ogółem;WIELKOPOLSKIE;023000000000;2013;32292
Zgony ogółem;WIELKOPOLSKIE;023000000000;2014;31057
Zgony ogółem;WIELKOPOLSKIE;023000000000;2015;33169
Zgony ogółem;WIELKOPOLSKIE;023000000000;2016;32327
Zgony ogółem;WIELKOPOLSKIE;023000000000;2017;33261
Zgony ogółem;WIELKOPOLSKIE;023000000000;2018;35121
Zgony ogółem;WIELKOPOLSKIE;023000000000;2019;34253
Zgony ogółem;WIELKOPOLSKIE;023000000000;2020;40013
Zgony ogółem;WIELKOPOLSKIE;023000000000;2021;43096
Zgony ogółem;WIELKOPOLSKIE;023000000000;2022;38025
Zgony ogółem;WIELKOPOLSKIE;023000000000;2023;35134
Zgony ogółem;WIELKOPOLSKIE;023000000000;2024;35212
Zgony ogółem;WIELKOPOLSKIE;023000000000;2025;34967
Zgony ogółem;ZACHODNIOPOMORSKIE;023200000000;2012;16496
Zgony ogółem;ZACHODNIOPOMORSKIE;023200000000;2013;16986
Zgony ogółem;ZACHODNIOPOMORSKIE;023200000000;2014;16279
Zgony ogółem;ZACHODNIOPOMORSKIE;023200000000;2015;17266
Zgony ogółem;ZACHODNIOPOMORSKIE;023200000000;2016;17047
Zgony ogółem;ZACHODNIOPOMORSKIE;023200000000;2017;17788
Zgony ogółem;ZACHODNIOPOMORSKIE;023200000000;2018;18557
Zgony ogółem;ZACHODNIOPOMORSKIE;023200000000;2019;18470
Zgony ogółem;ZACHODNIOPOMORSKIE;023200000000;2020;21035
Zgony ogółem;ZACHODNIOPOMORSKIE;023200000000;2021;23248
Zgony ogółem;ZACHODNIOPOMORSKIE;023200000000;2022;20427
Zgony ogółem;ZACHODNIOPOMORSKIE;023200000000;2023;18696
Zgony ogółem;ZACHODNIOPOMORSKIE;023200000000;2024;18772
Zgony ogółem;ZACHODNIOPOMORSKIE;023200000000;2025;18676
Zgony ogółem;DOLNOŚLĄSKIE;030200000000;2012;30446
Zgony ogółem;DOLNOŚLĄSKIE;030200000000;2013;30498
Zgony ogółem;DOLNOŚLĄSKIE;030200000000;2014;29910
Zgony ogółem;DOLNOŚLĄSKIE;030200000000;2015;31540
Zgony ogółem;DOLNOŚLĄSKIE;030200000000;2016;30566
Zgony ogółem;DOLNOŚLĄSKIE;030200000000;2017;32038
Zgony ogółem;DOLNOŚLĄSKIE;030200000000;2018;32991
Zgony ogółem;DOLNOŚLĄSKIE;030200000000;2019;32719
Zgony ogółem;DOLNOŚLĄSKIE;030200000000;2020;37581
Zgony ogółem;DOLNOŚLĄSKIE;030200000000;2021;40362
Zgony ogółem;DOLNOŚLĄSKIE;030200000000;2022;36085
Zgony ogółem;DOLNOŚLĄSKIE;030200000000;2023;32209
Zgony ogółem;DOLNOŚLĄSKIE;030200000000;2024;32463
Zgony ogółem;DOLNOŚLĄSKIE;030200000000;2025;32067
Zgony ogółem;OPOLSKIE;031600000000;2012;10180
Zgony ogółem;OPOLSKIE;031600000000;2013;10267
Zgony ogółem;OPOLSKIE;031600000000;2014;9808
Zgony ogółem;OPOLSKIE;031600000000;2015;10468
Zgony ogółem;OPOLSKIE;031600000000;2016;10006
Zgony ogółem;OPOLSKIE;031600000000;2017;10880
Zgony ogółem;OPOLSKIE;031600000000;2018;10707
Zgony ogółem;OPOLSKIE;031600000000;2019;10694
Zgony ogółem;OPOLSKIE;031600000000;2020;12716
Zgony ogółem;OPOLSKIE;031600000000;2021;13186
Zgony ogółem;OPOLSKIE;031600000000;2022;11744
Zgony ogółem;OPOLSKIE;031600000000;2023;10624
Zgony ogółem;OPOLSKIE;031600000000;2024;10760
Zgony ogółem;OPOLSKIE;031600000000;2025;10590
Zgony ogółem;KUJAWSKO-POMORSKIE;040400000000;2012;20436
Zgony ogółem;KUJAWSKO-POMORSKIE;040400000000;2013;20485
Zgony ogółem;KUJAWSKO-POMORSKIE;040400000000;2014;20028
Zgony ogółem;KUJAWSKO-POMORSKIE;040400000000;2015;20523
Zgony ogółem;KUJAWSKO-POMORSKIE;040400000000;2016;20525
Zgony ogółem;KUJAWSKO-POMORSKIE;040400000000;2017;21252
Zgony ogółem;KUJAWSKO-POMORSKIE;040400000000;2018;22629
Zgony ogółem;KUJAWSKO-POMORSKIE;040400000000;2019;22096
Zgony ogółem;KUJAWSKO-POMORSKIE;040400000000;2020;25465
Zgony ogółem;KUJAWSKO-POMORSKIE;040400000000;2021;28272
Zgony ogółem;KUJAWSKO-POMORSKIE;040400000000;2022;24184
Zgony ogółem;KUJAWSKO-POMORSKIE;040400000000;2023;22323
Zgony ogółem;KUJAWSKO-POMORSKIE;040400000000;2024;21948
Zgony ogółem;KUJAWSKO-POMORSKIE;040400000000;2025;22569
Zgony ogółem;POMORSKIE;042200000000;2012;20473
Zgony ogółem;POMORSKIE;042200000000;2013;20084
Zgony ogółem;POMORSKIE;042200000000;2014;20126
Zgony ogółem;POMORSKIE;042200000000;2015;21035
Zgony ogółem;POMORSKIE;042200000000;2016;21145
Zgony ogółem;POMORSKIE;042200000000;2017;21650
Zgony ogółem;POMORSKIE;042200000000;2018;22395
Zgony ogółem;POMORSKIE;042200000000;2019;22450
Zgony ogółem;POMORSKIE;042200000000;2020;25663
Zgony ogółem;POMORSKIE;042200000000;2021;28072
Zgony ogółem;POMORSKIE;042200000000;2022;25456
Zgony ogółem;POMORSKIE;042200000000;2023;22945
Zgony ogółem;POMORSKIE;042200000000;2024;23460
Zgony ogółem;POMORSKIE;042200000000;2025;23314
Zgony ogółem;WARMIŃSKO-MAZURSKIE;042800000000;2012;13415
Zgony ogółem;WARMIŃSKO-MAZURSKIE;042800000000;2013;13923
Zgony ogółem;WARMIŃSKO-MAZURSKIE;042800000000;2014;13098
Zgony ogółem;WARMIŃSKO-MAZURSKIE;042800000000;2015;13858
Zgony ogółem;WARMIŃSKO-MAZURSKIE;042800000000;2016;14078
Zgony ogółem;WARMIŃSKO-MAZURSKIE;042800000000;2017;14423
Zgony ogółem;WARMIŃSKO-MAZURSKIE;042800000000;2018;14973
Zgony ogółem;WARMIŃSKO-MAZURSKIE;042800000000;2019;14894
Zgony ogółem;WARMIŃSKO-MAZURSKIE;042800000000;2020;16755
Zgony ogółem;WARMIŃSKO-MAZURSKIE;042800000000;2021;18839
Zgony ogółem;WARMIŃSKO-MAZURSKIE;042800000000;2022;16134
Zgony ogółem;WARMIŃSKO-MAZURSKIE;042800000000;2023;14594
Zgony ogółem;WARMIŃSKO-MAZURSKIE;042800000000;2024;14446
Zgony ogółem;WARMIŃSKO-MAZURSKIE;042800000000;2025;14485
Zgony ogółem;ŁÓDZKIE;051000000000;2012;31352
Zgony ogółem;ŁÓDZKIE;051000000000;2013;31251
Zgony ogółem;ŁÓDZKIE;051000000000;2014;29727
Zgony ogółem;ŁÓDZKIE;051000000000;2015;31125
Zgony ogółem;ŁÓDZKIE;051000000000;2016;30213
Zgony ogółem;ŁÓDZKIE;051000000000;2017;31172
Zgony ogółem;ŁÓDZKIE;051000000000;2018;31589
Zgony ogółem;ŁÓDZKIE;051000000000;2019;30609
Zgony ogółem;ŁÓDZKIE;051000000000;2020;35807
Zgony ogółem;ŁÓDZKIE;051000000000;2021;38015
Zgony ogółem;ŁÓDZKIE;051000000000;2022;33357
Zgony ogółem;ŁÓDZKIE;051000000000;2023;30360
Zgony ogółem;ŁÓDZKIE;051000000000;2024;30046
Zgony ogółem;ŁÓDZKIE;051000000000;2025;30300
Zgony ogółem;ŚWIĘTOKRZYSKIE;052600000000;2012;13957
Zgony ogółem;ŚWIĘTOKRZYSKIE;052600000000;2013;14193
Zgony ogółem;ŚWIĘTOKRZYSKIE;052600000000;2014;13627
Zgony ogółem;ŚWIĘTOKRZYSKIE;052600000000;2015;14409
Zgony ogółem;ŚWIĘTOKRZYSKIE;052600000000;2016;13948
Zgony ogółem;ŚWIĘTOKRZYSKIE;052600000000;2017;14330
Zgony ogółem;ŚWIĘTOKRZYSKIE;052600000000;2018;14619
Zgony ogółem;ŚWIĘTOKRZYSKIE;052600000000;2019;14494
Zgony ogółem;ŚWIĘTOKRZYSKIE;052600000000;2020;17309
Zgony ogółem;ŚWIĘTOKRZYSKIE;052600000000;2021;18400
Zgony ogółem;ŚWIĘTOKRZYSKIE;052600000000;2022;15787
Zgony ogółem;ŚWIĘTOKRZYSKIE;052600000000;2023;14384
Zgony ogółem;ŚWIĘTOKRZYSKIE;052600000000;2024;14249
Zgony ogółem;ŚWIĘTOKRZYSKIE;052600000000;2025;13863
Zgony ogółem;LUBELSKIE;060600000000;2012;22562
Zgony ogółem;LUBELSKIE;060600000000;2013;22849
Zgony ogółem;LUBELSKIE;060600000000;2014;22107
Zgony ogółem;LUBELSKIE;060600000000;2015;22816
Zgony ogółem;LUBELSKIE;060600000000;2016;22284
Zgony ogółem;LUBELSKIE;060600000000;2017;23427
Zgony ogółem;LUBELSKIE;060600000000;2018;23682
Zgony ogółem;LUBELSKIE;060600000000;2019;23015
Zgony ogółem;LUBELSKIE;060600000000;2020;27244
Zgony ogółem;LUBELSKIE;060600000000;2021;30617
Zgony ogółem;LUBELSKIE;060600000000;2022;24924
Zgony ogółem;LUBELSKIE;060600000000;2023;22910
Zgony ogółem;LUBELSKIE;060600000000;2024;22393
Zgony ogółem;LUBELSKIE;060600000000;2025;22333
Zgony ogółem;PODKARPACKIE;061800000000;2012;18402
Zgony ogółem;PODKARPACKIE;061800000000;2013;18593
Zgony ogółem;PODKARPACKIE;061800000000;2014;18361
Zgony ogółem;PODKARPACKIE;061800000000;2015;19419
Zgony ogółem;PODKARPACKIE;061800000000;2016;19103
Zgony ogółem;PODKARPACKIE;061800000000;2017;19327
Zgony ogółem;PODKARPACKIE;061800000000;2018;19636
Zgony ogółem;PODKARPACKIE;061800000000;2019;20029
Zgony ogółem;PODKARPACKIE;061800000000;2020;24145
Zgony ogółem;PODKARPACKIE;061800000000;2021;26500
Zgony ogółem;PODKARPACKIE;061800000000;2022;21935
Zgony ogółem;PODKARPACKIE;061800000000;2023;19705
Zgony ogółem;PODKARPACKIE;061800000000;2024;20294
Zgony ogółem;PODKARPACKIE;061800000000;2025;19456
Zgony ogółem;PODLASKIE;062000000000;2012;11856
Zgony ogółem;PODLASKIE;062000000000;2013;12152
Zgony ogółem;PODLASKIE;062000000000;2014;11850
Zgony ogółem;PODLASKIE;062000000000;2015;12302
Zgony ogółem;PODLASKIE;062000000000;2016;12271
Zgony ogółem;PODLASKIE;062000000000;2017;12526
Zgony ogółem;PODLASKIE;062000000000;2018;12969
Zgony ogółem;PODLASKIE;062000000000;2019;12501
Zgony ogółem;PODLASKIE;062000000000;2020;14622
Zgony ogółem;PODLASKIE;062000000000;2021;16725
Zgony ogółem;PODLASKIE;062000000000;2022;13464
Zgony ogółem;PODLASKIE;062000000000;2023;12053
Zgony ogółem;PODLASKIE;062000000000;2024;12007
Zgony ogółem;PODLASKIE;062000000000;2025;11893
Zgony ogółem;MAZOWIECKIE;071400000000;2012;54454
Zgony ogółem;MAZOWIECKIE;071400000000;2013;54260
Zgony ogółem;MAZOWIECKIE;071400000000;2014;53494
Zgony ogółem;MAZOWIECKIE;071400000000;2015;55030
Zgony ogółem;MAZOWIECKIE;071400000000;2016;54867
Zgony ogółem;MAZOWIECKIE;071400000000;2017;57237
Zgony ogółem;MAZOWIECKIE;071400000000;2018;58725
Zgony ogółem;MAZOWIECKIE;071400000000;2019;57668
Zgony ogółem;MAZOWIECKIE;071400000000;2020;67514
Zgony ogółem;MAZOWIECKIE;071400000000;2021;73477
Zgony ogółem;MAZOWIECKIE;071400000000;2022;62621
Zgony ogółem;MAZOWIECKIE;071400000000;2023;57859
Zgony ogółem;MAZOWIECKIE;071400000000;2024;57515
Zgony ogółem;MAZOWIECKIE;071400000000;2025;56836
Migracje wewn. (Saldo);MAŁOPOLSKIE;011200000000;2012;3354
Migracje wewn. (Saldo);MAŁOPOLSKIE;011200000000;2013;3775
Migracje wewn. (Saldo);MAŁOPOLSKIE;011200000000;2014;3572
Migracje wewn. (Saldo);MAŁOPOLSKIE;011200000000;2015;3770
Migracje wewn. (Saldo);MAŁOPOLSKIE;011200000000;2016;3376
Migracje wewn. (Saldo);MAŁOPOLSKIE;011200000000;2017;3760
Migracje wewn. (Saldo);MAŁOPOLSKIE;011200000000;2018;4842
Migracje wewn. (Saldo);MAŁOPOLSKIE;011200000000;2019;5914
Migracje wewn. (Saldo);MAŁOPOLSKIE;011200000000;2020;3412
Migracje wewn. (Saldo);MAŁOPOLSKIE;011200000000;2021;4112
Migracje wewn. (Saldo);MAŁOPOLSKIE;011200000000;2022;3553
Migracje wewn. (Saldo);MAŁOPOLSKIE;011200000000;2023;3800
Migracje wewn. (Saldo);MAŁOPOLSKIE;011200000000;2024;4043
Migracje wewn. (Saldo);MAŁOPOLSKIE;011200000000;2025;4270
Migracje wewn. (Saldo);ŚLĄSKIE;012400000000;2012;-3298
Migracje wewn. (Saldo);ŚLĄSKIE;012400000000;2013;-3880
Migracje wewn. (Saldo);ŚLĄSKIE;012400000000;2014;-3633
Migracje wewn. (Saldo);ŚLĄSKIE;012400000000;2015;-3449
Migracje wewn. (Saldo);ŚLĄSKIE;012400000000;2016;-3428
Migracje wewn. (Saldo);ŚLĄSKIE;012400000000;2017;-3260
Migracje wewn. (Saldo);ŚLĄSKIE;012400000000;2018;-4231
Migracje wewn. (Saldo);ŚLĄSKIE;012400000000;2019;-4275
Migracje wewn. (Saldo);ŚLĄSKIE;012400000000;2020;-3342
Migracje wewn. (Saldo);ŚLĄSKIE;012400000000;2021;-3690
Migracje wewn. (Saldo);ŚLĄSKIE;012400000000;2022;-3592
Migracje wewn. (Saldo);ŚLĄSKIE;012400000000;2023;-2611
Migracje wewn. (Saldo);ŚLĄSKIE;012400000000;2024;-2883
Migracje wewn. (Saldo);ŚLĄSKIE;012400000000;2025;-2416
Migracje wewn. (Saldo);LUBUSKIE;020800000000;2012;-441
Migracje wewn. (Saldo);LUBUSKIE;020800000000;2013;-743
Migracje wewn. (Saldo);LUBUSKIE;020800000000;2014;-660
Migracje wewn. (Saldo);LUBUSKIE;020800000000;2015;-893
Migracje wewn. (Saldo);LUBUSKIE;020800000000;2016;-740
Migracje wewn. (Saldo);LUBUSKIE;020800000000;2017;-788
Migracje wewn. (Saldo);LUBUSKIE;020800000000;2018;-971
Migracje wewn. (Saldo);LUBUSKIE;020800000000;2019;-1245
Migracje wewn. (Saldo);LUBUSKIE;020800000000;2020;-842
Migracje wewn. (Saldo);LUBUSKIE;020800000000;2021;-1068
Migracje wewn. (Saldo);LUBUSKIE;020800000000;2022;-861
Migracje wewn. (Saldo);LUBUSKIE;020800000000;2023;-753
Migracje wewn. (Saldo);LUBUSKIE;020800000000;2024;-1034
Migracje wewn. (Saldo);LUBUSKIE;020800000000;2025;-1040
Migracje wewn. (Saldo);WIELKOPOLSKIE;023000000000;2012;1361
Migracje wewn. (Saldo);WIELKOPOLSKIE;023000000000;2013;1645
Migracje wewn. (Saldo);WIELKOPOLSKIE;023000000000;2014;1381
Migracje wewn. (Saldo);WIELKOPOLSKIE;023000000000;2015;1207
Migracje wewn. (Saldo);WIELKOPOLSKIE;023000000000;2016;983
Migracje wewn. (Saldo);WIELKOPOLSKIE;023000000000;2017;1015
Migracje wewn. (Saldo);WIELKOPOLSKIE;023000000000;2018;1121
Migracje wewn. (Saldo);WIELKOPOLSKIE;023000000000;2019;1203
Migracje wewn. (Saldo);WIELKOPOLSKIE;023000000000;2020;1491
Migracje wewn. (Saldo);WIELKOPOLSKIE;023000000000;2021;1799
Migracje wewn. (Saldo);WIELKOPOLSKIE;023000000000;2022;1271
Migracje wewn. (Saldo);WIELKOPOLSKIE;023000000000;2023;1500
Migracje wewn. (Saldo);WIELKOPOLSKIE;023000000000;2024;1383
Migracje wewn. (Saldo);WIELKOPOLSKIE;023000000000;2025;1760
Migracje wewn. (Saldo);ZACHODNIOPOMORSKIE;023200000000;2012;-1039
Migracje wewn. (Saldo);ZACHODNIOPOMORSKIE;023200000000;2013;-665
Migracje wewn. (Saldo);ZACHODNIOPOMORSKIE;023200000000;2014;-920
Migracje wewn. (Saldo);ZACHODNIOPOMORSKIE;023200000000;2015;-732
Migracje wewn. (Saldo);ZACHODNIOPOMORSKIE;023200000000;2016;-624
Migracje wewn. (Saldo);ZACHODNIOPOMORSKIE;023200000000;2017;-808
Migracje wewn. (Saldo);ZACHODNIOPOMORSKIE;023200000000;2018;-943
Migracje wewn. (Saldo);ZACHODNIOPOMORSKIE;023200000000;2019;-884
Migracje wewn. (Saldo);ZACHODNIOPOMORSKIE;023200000000;2020;-747
Migracje wewn. (Saldo);ZACHODNIOPOMORSKIE;023200000000;2021;-946
Migracje wewn. (Saldo);ZACHODNIOPOMORSKIE;023200000000;2022;-577
Migracje wewn. (Saldo);ZACHODNIOPOMORSKIE;023200000000;2023;-799
Migracje wewn. (Saldo);ZACHODNIOPOMORSKIE;023200000000;2024;-596
Migracje wewn. (Saldo);ZACHODNIOPOMORSKIE;023200000000;2025;-726
Migracje wewn. (Saldo);DOLNOŚLĄSKIE;030200000000;2012;1735
Migracje wewn. (Saldo);DOLNOŚLĄSKIE;030200000000;2013;2391
Migracje wewn. (Saldo);DOLNOŚLĄSKIE;030200000000;2014;2426
Migracje wewn. (Saldo);DOLNOŚLĄSKIE;030200000000;2015;2652
Migracje wewn. (Saldo);DOLNOŚLĄSKIE;030200000000;2016;2659
Migracje wewn. (Saldo);DOLNOŚLĄSKIE;030200000000;2017;2595
Migracje wewn. (Saldo);DOLNOŚLĄSKIE;030200000000;2018;3200
Migracje wewn. (Saldo);DOLNOŚLĄSKIE;030200000000;2019;4215
Migracje wewn. (Saldo);DOLNOŚLĄSKIE;030200000000;2020;3295
Migracje wewn. (Saldo);DOLNOŚLĄSKIE;030200000000;2021;3305
Migracje wewn. (Saldo);DOLNOŚLĄSKIE;030200000000;2022;3695
Migracje wewn. (Saldo);DOLNOŚLĄSKIE;030200000000;2023;3617
Migracje wewn. (Saldo);DOLNOŚLĄSKIE;030200000000;2024;3579
Migracje wewn. (Saldo);DOLNOŚLĄSKIE;030200000000;2025;3076
Migracje wewn. (Saldo);OPOLSKIE;031600000000;2012;-437
Migracje wewn. (Saldo);OPOLSKIE;031600000000;2013;-892
Migracje wewn. (Saldo);OPOLSKIE;031600000000;2014;-691
Migracje wewn. (Saldo);OPOLSKIE;031600000000;2015;-810
Migracje wewn. (Saldo);OPOLSKIE;031600000000;2016;-726
Migracje wewn. (Saldo);OPOLSKIE;031600000000;2017;-745
Migracje wewn. (Saldo);OPOLSKIE;031600000000;2018;-691
Migracje wewn. (Saldo);OPOLSKIE;031600000000;2019;-1007
Migracje wewn. (Saldo);OPOLSKIE;031600000000;2020;-747
Migracje wewn. (Saldo);OPOLSKIE;031600000000;2021;-764
Migracje wewn. (Saldo);OPOLSKIE;031600000000;2022;-732
Migracje wewn. (Saldo);OPOLSKIE;031600000000;2023;-954
Migracje wewn. (Saldo);OPOLSKIE;031600000000;2024;-783
Migracje wewn. (Saldo);OPOLSKIE;031600000000;2025;-722
Migracje wewn. (Saldo);KUJAWSKO-POMORSKIE;040400000000;2012;-1528
Migracje wewn. (Saldo);KUJAWSKO-POMORSKIE;040400000000;2013;-1619
Migracje wewn. (Saldo);KUJAWSKO-POMORSKIE;040400000000;2014;-1738
Migracje wewn. (Saldo);KUJAWSKO-POMORSKIE;040400000000;2015;-1749
Migracje wewn. (Saldo);KUJAWSKO-POMORSKIE;040400000000;2016;-1719
Migracje wewn. (Saldo);KUJAWSKO-POMORSKIE;040400000000;2017;-1515
Migracje wewn. (Saldo);KUJAWSKO-POMORSKIE;040400000000;2018;-2541
Migracje wewn. (Saldo);KUJAWSKO-POMORSKIE;040400000000;2019;-2921
Migracje wewn. (Saldo);KUJAWSKO-POMORSKIE;040400000000;2020;-2112
Migracje wewn. (Saldo);KUJAWSKO-POMORSKIE;040400000000;2021;-2204
Migracje wewn. (Saldo);KUJAWSKO-POMORSKIE;040400000000;2022;-1746
Migracje wewn. (Saldo);KUJAWSKO-POMORSKIE;040400000000;2023;-2116
Migracje wewn. (Saldo);KUJAWSKO-POMORSKIE;040400000000;2024;-1989
Migracje wewn. (Saldo);KUJAWSKO-POMORSKIE;040400000000;2025;-1573
Migracje wewn. (Saldo);POMORSKIE;042200000000;2012;2437
Migracje wewn. (Saldo);POMORSKIE;042200000000;2013;3240
Migracje wewn. (Saldo);POMORSKIE;042200000000;2014;3059
Migracje wewn. (Saldo);POMORSKIE;042200000000;2015;3344
Migracje wewn. (Saldo);POMORSKIE;042200000000;2016;3485
Migracje wewn. (Saldo);POMORSKIE;042200000000;2017;3625
Migracje wewn. (Saldo);POMORSKIE;042200000000;2018;4920
Migracje wewn. (Saldo);POMORSKIE;042200000000;2019;5953
Migracje wewn. (Saldo);POMORSKIE;042200000000;2020;3825
Migracje wewn. (Saldo);POMORSKIE;042200000000;2021;4591
Migracje wewn. (Saldo);POMORSKIE;042200000000;2022;4047
Migracje wewn. (Saldo);POMORSKIE;042200000000;2023;4382
Migracje wewn. (Saldo);POMORSKIE;042200000000;2024;4869
Migracje wewn. (Saldo);POMORSKIE;042200000000;2025;4764
Migracje wewn. (Saldo);WARMIŃSKO-MAZURSKIE;042800000000;2012;-2413
Migracje wewn. (Saldo);WARMIŃSKO-MAZURSKIE;042800000000;2013;-2707
Migracje wewn. (Saldo);WARMIŃSKO-MAZURSKIE;042800000000;2014;-2794
Migracje wewn. (Saldo);WARMIŃSKO-MAZURSKIE;042800000000;2015;-2609
Migracje wewn. (Saldo);WARMIŃSKO-MAZURSKIE;042800000000;2016;-2703
Migracje wewn. (Saldo);WARMIŃSKO-MAZURSKIE;042800000000;2017;-2443
Migracje wewn. (Saldo);WARMIŃSKO-MAZURSKIE;042800000000;2018;-3397
Migracje wewn. (Saldo);WARMIŃSKO-MAZURSKIE;042800000000;2019;-3771
Migracje wewn. (Saldo);WARMIŃSKO-MAZURSKIE;042800000000;2020;-2113
Migracje wewn. (Saldo);WARMIŃSKO-MAZURSKIE;042800000000;2021;-2391
Migracje wewn. (Saldo);WARMIŃSKO-MAZURSKIE;042800000000;2022;-2067
Migracje wewn. (Saldo);WARMIŃSKO-MAZURSKIE;042800000000;2023;-2203
Migracje wewn. (Saldo);WARMIŃSKO-MAZURSKIE;042800000000;2024;-2433
Migracje wewn. (Saldo);WARMIŃSKO-MAZURSKIE;042800000000;2025;-2456
Migracje wewn. (Saldo);ŁÓDZKIE;051000000000;2012;-1643
Migracje wewn. (Saldo);ŁÓDZKIE;051000000000;2013;-2104
Migracje wewn. (Saldo);ŁÓDZKIE;051000000000;2014;-1701
Migracje wewn. (Saldo);ŁÓDZKIE;051000000000;2015;-1727
Migracje wewn. (Saldo);ŁÓDZKIE;051000000000;2016;-1695
Migracje wewn. (Saldo);ŁÓDZKIE;051000000000;2017;-1961
Migracje wewn. (Saldo);ŁÓDZKIE;051000000000;2018;-2163
Migracje wewn. (Saldo);ŁÓDZKIE;051000000000;2019;-2824
Migracje wewn. (Saldo);ŁÓDZKIE;051000000000;2020;-1812
Migracje wewn. (Saldo);ŁÓDZKIE;051000000000;2021;-2282
Migracje wewn. (Saldo);ŁÓDZKIE;051000000000;2022;-1649
Migracje wewn. (Saldo);ŁÓDZKIE;051000000000;2023;-2099
Migracje wewn. (Saldo);ŁÓDZKIE;051000000000;2024;-1809
Migracje wewn. (Saldo);ŁÓDZKIE;051000000000;2025;-1787
Migracje wewn. (Saldo);ŚWIĘTOKRZYSKIE;052600000000;2012;-2180
Migracje wewn. (Saldo);ŚWIĘTOKRZYSKIE;052600000000;2013;-2618
Migracje wewn. (Saldo);ŚWIĘTOKRZYSKIE;052600000000;2014;-2464
Migracje wewn. (Saldo);ŚWIĘTOKRZYSKIE;052600000000;2015;-2268
Migracje wewn. (Saldo);ŚWIĘTOKRZYSKIE;052600000000;2016;-1971
Migracje wewn. (Saldo);ŚWIĘTOKRZYSKIE;052600000000;2017;-2426
Migracje wewn. (Saldo);ŚWIĘTOKRZYSKIE;052600000000;2018;-2628
Migracje wewn. (Saldo);ŚWIĘTOKRZYSKIE;052600000000;2019;-3719
Migracje wewn. (Saldo);ŚWIĘTOKRZYSKIE;052600000000;2020;-2143
Migracje wewn. (Saldo);ŚWIĘTOKRZYSKIE;052600000000;2021;-2421
Migracje wewn. (Saldo);ŚWIĘTOKRZYSKIE;052600000000;2022;-2270
Migracje wewn. (Saldo);ŚWIĘTOKRZYSKIE;052600000000;2023;-2766
Migracje wewn. (Saldo);ŚWIĘTOKRZYSKIE;052600000000;2024;-2755
Migracje wewn. (Saldo);ŚWIĘTOKRZYSKIE;052600000000;2025;-2691
Migracje wewn. (Saldo);LUBELSKIE;060600000000;2012;-5018
Migracje wewn. (Saldo);LUBELSKIE;060600000000;2013;-4954
Migracje wewn. (Saldo);LUBELSKIE;060600000000;2014;-5125
Migracje wewn. (Saldo);LUBELSKIE;060600000000;2015;-4814
Migracje wewn. (Saldo);LUBELSKIE;060600000000;2016;-4452
Migracje wewn. (Saldo);LUBELSKIE;060600000000;2017;-5072
Migracje wewn. (Saldo);LUBELSKIE;060600000000;2018;-5804
Migracje wewn. (Saldo);LUBELSKIE;060600000000;2019;-6495
Migracje wewn. (Saldo);LUBELSKIE;060600000000;2020;-4685
Migracje wewn. (Saldo);LUBELSKIE;060600000000;2021;-5021
Migracje wewn. (Saldo);LUBELSKIE;060600000000;2022;-4686
Migracje wewn. (Saldo);LUBELSKIE;060600000000;2023;-4707
Migracje wewn. (Saldo);LUBELSKIE;060600000000;2024;-5194
Migracje wewn. (Saldo);LUBELSKIE;060600000000;2025;-5047
Migracje wewn. (Saldo);PODKARPACKIE;061800000000;2012;-1947
Migracje wewn. (Saldo);PODKARPACKIE;061800000000;2013;-2273
Migracje wewn. (Saldo);PODKARPACKIE;061800000000;2014;-1941
Migracje wewn. (Saldo);PODKARPACKIE;061800000000;2015;-2400
Migracje wewn. (Saldo);PODKARPACKIE;061800000000;2016;-2047
Migracje wewn. (Saldo);PODKARPACKIE;061800000000;2017;-2140
Migracje wewn. (Saldo);PODKARPACKIE;061800000000;2018;-3119
Migracje wewn. (Saldo);PODKARPACKIE;061800000000;2019;-3462
Migracje wewn. (Saldo);PODKARPACKIE;061800000000;2020;-2226
Migracje wewn. (Saldo);PODKARPACKIE;061800000000;2021;-2197
Migracje wewn. (Saldo);PODKARPACKIE;061800000000;2022;-2228
Migracje wewn. (Saldo);PODKARPACKIE;061800000000;2023;-2664
Migracje wewn. (Saldo);PODKARPACKIE;061800000000;2024;-2829
Migracje wewn. (Saldo);PODKARPACKIE;061800000000;2025;-2889
Migracje wewn. (Saldo);PODLASKIE;062000000000;2012;-1745
Migracje wewn. (Saldo);PODLASKIE;062000000000;2013;-2053
Migracje wewn. (Saldo);PODLASKIE;062000000000;2014;-1912
Migracje wewn. (Saldo);PODLASKIE;062000000000;2015;-1907
Migracje wewn. (Saldo);PODLASKIE;062000000000;2016;-1565
Migracje wewn. (Saldo);PODLASKIE;062000000000;2017;-1866
Migracje wewn. (Saldo);PODLASKIE;062000000000;2018;-2281
Migracje wewn. (Saldo);PODLASKIE;062000000000;2019;-2459
Migracje wewn. (Saldo);PODLASKIE;062000000000;2020;-1702
Migracje wewn. (Saldo);PODLASKIE;062000000000;2021;-1657
Migracje wewn. (Saldo);PODLASKIE;062000000000;2022;-1526
Migracje wewn. (Saldo);PODLASKIE;062000000000;2023;-1844
Migracje wewn. (Saldo);PODLASKIE;062000000000;2024;-1858
Migracje wewn. (Saldo);PODLASKIE;062000000000;2025;-1937
Migracje wewn. (Saldo);MAZOWIECKIE;071400000000;2012;12802
Migracje wewn. (Saldo);MAZOWIECKIE;071400000000;2013;13457
Migracje wewn. (Saldo);MAZOWIECKIE;071400000000;2014;13141
Migracje wewn. (Saldo);MAZOWIECKIE;071400000000;2015;12385
Migracje wewn. (Saldo);MAZOWIECKIE;071400000000;2016;11167
Migracje wewn. (Saldo);MAZOWIECKIE;071400000000;2017;12029
Migracje wewn. (Saldo);MAZOWIECKIE;071400000000;2018;14686
Migracje wewn. (Saldo);MAZOWIECKIE;071400000000;2019;15777
Migracje wewn. (Saldo);MAZOWIECKIE;071400000000;2020;10448
Migracje wewn. (Saldo);MAZOWIECKIE;071400000000;2021;10834
Migracje wewn. (Saldo);MAZOWIECKIE;071400000000;2022;9368
Migracje wewn. (Saldo);MAZOWIECKIE;071400000000;2023;10217
Migracje wewn. (Saldo);MAZOWIECKIE;071400000000;2024;10289
Migracje wewn. (Saldo);MAZOWIECKIE;071400000000;2025;9414
